Date,Open,High,Low,Close,Adj Close,Volume
23-09-2013,80.5,82.400002,78.599998,79.099998,75.610619,2034886
24-09-2013,78.050003,81.949997,77.300003,79.349998,75.849594,1636540
25-09-2013,79.150002,81,77.25,80.699997,77.140045,1977897
26-09-2013,81.5,81.75,78.849998,79.400002,75.897392,1722128
27-09-2013,79.949997,80.900002,78.300003,79.050003,75.562836,1513662
30-09-2013,78,78.199997,75.5,76,72.647377,1372219
01-10-2013,76.25,78.800003,75.699997,78.400002,74.941505,1651951
03-10-2013,78.650002,81.650002,78.099998,81.25,77.665779,1957987
04-10-2013,80.599998,81.900002,79.550003,80.349998,76.805481,1479747
07-10-2013,80.349998,81.800003,79,81.550003,77.952553,1202023
08-10-2013,83.5,84.099998,80.699997,81.599998,78.000343,1903090
09-10-2013,80.599998,82.5,79.5,81.849998,78.239311,1591534
10-10-2013,81.900002,82.449997,80.5,80.949997,77.379013,1357161
11-10-2013,82,83.849998,81.099998,83.099998,79.434174,2239957
14-10-2013,82.800003,85.800003,82.599998,85.150002,81.393745,2105953
15-10-2013,86,86.400002,80.050003,80.800003,77.235634,2272860
17-10-2013,80.900002,82,79,79.5,75.992981,1603832
18-10-2013,80.150002,81.449997,80,80.599998,77.044456,1775489
21-10-2013,81.5,83.199997,81,82.900002,79.242996,1721598
22-10-2013,83.199997,83.900002,82.25,83.25,79.57756,1201583
23-10-2013,84.050003,84.849998,81.5,83.75,80.055504,2080313
24-10-2013,84.050003,85.400002,83.5,84,80.294464,1722278
25-10-2013,83.5,83.599998,81.150002,81.5,77.904755,1392662
28-10-2013,81.900002,82.400002,78.5,79.050003,75.562836,1319317
29-10-2013,79.5,83,77.849998,82.300003,78.669472,1987255
30-10-2013,82.800003,83.800003,80.5,80.949997,77.379013,1306990
31-10-2013,80,93.050003,80,91.75,87.702591,14899258
01-11-2013,92,96.599998,91.5,93.949997,89.805534,9549788
05-11-2013,95.099998,99.699997,94.75,96.650002,92.386436,6406662
06-11-2013,97.199997,97.849998,92.199997,92.699997,88.61068,4178895
07-11-2013,92.650002,94.699997,89.75,90.650002,86.651115,3504972
08-11-2013,91.199997,92.949997,90.449997,91.300003,87.272438,2701196
11-11-2013,91.099998,94.5,88.75,90.5,86.507729,3393167
12-11-2013,91,92.25,87.900002,88.25,84.356987,2969153
13-11-2013,87.800003,90.25,86.5,87.199997,83.35331,2858222
14-11-2013,88.699997,90.550003,88.5,88.949997,85.026108,1821101
18-11-2013,90.25,92.800003,90.25,92.150002,88.084946,2468791
19-11-2013,92.699997,93.5,91.349998,92.150002,88.084946,2761335
20-11-2013,92.199997,93.550003,89.699997,90.699997,86.698914,2458760
21-11-2013,89.800003,90.300003,87.75,88.199997,84.309189,1978772
22-11-2013,89.650002,89.800003,86.099998,86.900002,83.066544,1844009
25-11-2013,87.449997,90.449997,87.449997,89.900002,85.934204,1332193
26-11-2013,89.599998,91.349998,88.400002,89.300003,85.360672,2091672
27-11-2013,90.050003,90.699997,88.349998,89.050003,85.121696,1647373
28-11-2013,89.5,90.400002,88.800003,89.199997,85.265076,1459294
29-11-2013,89.900002,91.949997,89.300003,91.300003,87.272438,2727807
02-12-2013,91.5,93.800003,91.5,92.5,88.419502,1839539
03-12-2013,92,92.900002,91.150002,91.699997,87.654793,1207166
04-12-2013,90.800003,91.150002,89.150002,89.550003,85.59964,1979412
05-12-2013,91.949997,92.949997,91.150002,92.550003,88.4673,1561045
06-12-2013,92.949997,93.75,90.900002,93.5,89.375389,2799383
09-12-2013,96.5,97,94.25,96.199997,91.956284,3239198
10-12-2013,96.300003,96.349998,92.5,95.550003,91.334961,2879025
11-12-2013,94.949997,97.449997,94.25,95.5,91.287163,4051320
12-12-2013,95,95.349998,91.650002,92.349998,88.276123,2471726
13-12-2013,90.650002,91.199997,88.900002,89.150002,85.217285,1922677
16-12-2013,88.150002,90.099998,87.050003,87.449997,83.592278,1628138
17-12-2013,88.150002,89.349998,84.5,84.800003,81.059181,2207077
18-12-2013,84.150002,90.400002,84.150002,89.650002,85.695229,4417866
19-12-2013,90.900002,91.199997,86.699997,87.699997,83.831253,2373867
20-12-2013,87.300003,91.199997,87.25,90.550003,86.555534,1954115
23-12-2013,90.650002,93.949997,90.5,92.699997,88.61068,2242367
24-12-2013,93,93.75,91.900002,93.349998,89.232002,1587504
26-12-2013,93.900002,96,93.800003,95.150002,90.952606,2896525
27-12-2013,95.5,97.5,94.25,94.650002,90.47467,1780342
30-12-2013,94.25,95.5,93.050003,93.400002,89.279808,1111902
31-12-2013,93.800003,95.400002,92.599998,95.050003,90.857018,1574244
01-01-2014,95.5,97.150002,94.849998,96.449997,92.195259,1163520
02-01-2014,96.849998,102.650002,94.5,95.050003,90.857018,9801706
03-01-2014,94.400002,96.449997,93,96.099998,91.860695,3408269
06-01-2014,96.400002,96.400002,93.099998,93.949997,89.805534,2025063
07-01-2014,94.5,95.349998,91.599998,92.75,88.658478,2717123
08-01-2014,93.75,100.699997,92.550003,99.150002,94.776154,7196776
09-01-2014,99.949997,101.449997,95.099998,95.650002,91.43055,4962912
10-01-2014,96.400002,97.849998,93.800003,95.099998,90.904808,3876278
13-01-2014,95.25,97.349998,93.150002,94.800003,90.61805,4857621
14-01-2014,94.5,96.599998,94.25,94.949997,90.761429,2343460
15-01-2014,95.550003,97.449997,94.699997,97.099998,92.816582,2578905
16-01-2014,97.900002,97.900002,94.5,94.849998,90.66584,2397568
17-01-2014,94.599998,95.599998,92.400002,92.699997,88.61068,2842349
20-01-2014,92.099998,94.150002,92.099998,93.400002,89.279808,2779617
21-01-2014,92,93.150002,90.699997,90.900002,89.279808,3500730
22-01-2014,90.900002,91.25,90,90.449997,88.837822,2651888
23-01-2014,90.300003,90.900002,89.449997,90.300003,88.690498,1911257
24-01-2014,89.75,89.900002,86.5,86.849998,85.301987,2867163
27-01-2014,85.5,85.5,79,79.400002,77.984779,6035528
28-01-2014,79,82.5,78.449997,80.199997,78.770515,6707295
29-01-2014,81.099998,82.099998,77.800003,78.199997,76.806168,3417212
30-01-2014,77.25,77.400002,76,76.25,74.890923,2349908
31-01-2014,76.449997,80.150002,76.300003,79.449997,78.033882,3606736
03-02-2014,79,79.300003,75.800003,76.099998,74.743599,2599570
04-02-2014,75.099998,77.800003,74.150002,77.449997,76.069534,2868061
05-02-2014,77.050003,78.199997,75.5,77.349998,75.971313,2351155
06-02-2014,77.599998,78.5,76,77.050003,75.676666,2260999
07-02-2014,77.550003,78.400002,77.099998,78,76.609734,1596192
10-02-2014,78.75,78.800003,76.599998,77,75.627556,1980930
11-02-2014,77.849998,78.099998,76.699997,77.099998,75.725777,1080338
12-02-2014,77.550003,78,75.75,76.25,74.890923,1738195
13-02-2014,76.5,76.75,73.800003,74.199997,72.877464,2404728
14-02-2014,74.5,74.800003,72.699997,73.75,72.435486,3158305
17-02-2014,74,74.300003,72.199997,73.199997,71.895287,2416313
18-02-2014,73,75.849998,72.900002,75.099998,73.761421,2479652
19-02-2014,74.599998,75.800003,73.75,74.25,72.926575,1944243
20-02-2014,73.900002,73.900002,72.699997,73.300003,71.993507,1744073
21-02-2014,72.800003,74.349998,72.800003,73.900002,72.582809,1378106
24-02-2014,73.300003,74.800003,73.199997,74.550003,73.22123,1134148
25-02-2014,75,75.449997,73.349998,74.099998,72.779243,1649089
26-02-2014,74.5,74.5,73.5,73.800003,72.484596,1222296
28-02-2014,74.199997,75.400002,73.800003,75.199997,73.859634,1402127
03-03-2014,75,77.099998,74.400002,75,73.663208,2086349
04-03-2014,74.699997,77.800003,74.699997,77.400002,76.020432,1895139
05-03-2014,78.199997,79.699997,76,78.849998,77.44458,6440498
06-03-2014,79.800003,80.099998,78,79.449997,78.033882,4792230
07-03-2014,80,82.199997,79.150002,80.900002,79.458046,4822205
10-03-2014,80.199997,84.599998,80.050003,83.699997,82.20813,4818027
11-03-2014,84,84.75,82.400002,83.5,82.011703,3669259
12-03-2014,83.400002,83.650002,81.5,82,80.538437,2356401
13-03-2014,82.25,84.300003,80.400002,81.300003,79.850914,2666600
14-03-2014,80.5,81.349998,79.050003,81,79.556259,1923370
18-03-2014,81.900002,83.099998,81.099998,82.349998,80.882195,3077477
19-03-2014,83,83.550003,81.449997,82.050003,80.587547,2177867
20-03-2014,81.75,81.900002,79.699997,80.050003,78.623199,1482199
21-03-2014,80.5,81.599998,80.449997,81.150002,79.70359,1571620
22-03-2014,null,null,null,null,null,null
24-03-2014,81.699997,82.800003,81.699997,82.199997,80.734871,1220611
25-03-2014,81.849998,83.199997,81.849998,82.800003,81.324181,1550168
26-03-2014,83.599998,84.449997,83.050003,83.599998,82.109917,1864434
27-03-2014,83.550003,86.800003,83.550003,85.699997,84.172485,3773986
28-03-2014,86.449997,91.400002,86.199997,90.75,89.132477,4732686
31-03-2014,92.5,93,89.099998,90.900002,89.279808,3255049
01-04-2014,91.900002,91.900002,87.800003,89.699997,88.101189,3233087
02-04-2014,90.400002,95.099998,89.699997,94.599998,92.913857,4169449
03-04-2014,95.5,95.599998,92.25,93.150002,91.4897,3901863
04-04-2014,92.900002,94.349998,91.800003,92.650002,90.998611,2558568
07-04-2014,92.949997,93.900002,90.650002,91.75,90.114655,2219317
09-04-2014,92.5,95.900002,92.150002,95.400002,93.6996,5603240
10-04-2014,96,97.300003,94.349998,95.099998,93.404945,5218637
11-04-2014,94.5,96,93.300003,94.349998,92.668312,2149715
15-04-2014,94.599998,95.650002,93,93.550003,91.882576,4569223
16-04-2014,93.150002,94.900002,91.199997,91.550003,89.918221,2730923
17-04-2014,92.050003,94.949997,91.5,94.699997,93.01207,3501499
21-04-2014,95.150002,96.300003,94.550003,95.349998,93.65049,3253395
22-04-2014,96,96.650002,94.550003,94.900002,93.208511,3093387
23-04-2014,95,96.900002,94.5,95.25,93.552269,8664431
24-04-2014,95.25,95.25,95.25,95.25,93.552269,0
25-04-2014,95.400002,99.099998,94.699997,98.75,96.989883,6473503
28-04-2014,100.300003,101.650002,96.900002,101.300003,99.494438,4937401
29-04-2014,102,102.900002,98.25,98.650002,96.89167,3895134
30-04-2014,99.699997,104.199997,98.5,100.050003,98.266716,7313679
02-05-2014,101.050003,103.199997,100.550003,101.650002,99.838196,3434059
05-05-2014,101.699997,103.900002,100.5,102.599998,100.771263,3665177
06-05-2014,103.449997,105.300003,102.800003,104,102.146309,4710448
07-05-2014,105.050003,105.800003,94.650002,95,93.306725,19355598
08-05-2014,95.25,95.699997,90.099998,90.849998,89.230698,13753318
09-05-2014,91.099998,94.150002,90.349998,93.75,92.079002,8132246
12-05-2014,94.800003,96.75,94.099998,94.75,93.06118,4701974
13-05-2014,96.300003,99.650002,95.099998,96.900002,95.172859,7511937
14-05-2014,97.5,103.150002,96.849998,102.400002,100.574829,9798590
15-05-2014,103,104.699997,99.400002,100,98.217606,6032953
16-05-2014,105,113.75,103.199997,108.300003,106.369675,16733518
19-05-2014,110.699997,120.099998,109.449997,118.650002,116.535194,10206608
20-05-2014,120,121.650002,115.650002,119.300003,117.173607,6790315
21-05-2014,120,122.400002,117,118.75,116.633408,5451347
22-05-2014,119.949997,123.849998,118.849998,121.800003,119.629051,5109670
23-05-2014,122.650002,131.699997,121.150002,130.5,128.173981,6621258
26-05-2014,133,141.399994,120.599998,131.100006,128.76329,13210408
27-05-2014,132,134.449997,126.050003,132.5,130.138336,6938203
28-05-2014,133.800003,133.800003,127.599998,128.300003,126.013191,3799600
29-05-2014,128.199997,135.5,127,131.850006,129.499924,6830421
30-05-2014,132.699997,133.199997,125.5,126.5,124.24527,5047828
02-06-2014,127.550003,135.649994,126.650002,135.050003,132.642883,6247818
03-06-2014,135.899994,136,130,131.350006,129.008835,7438162
04-06-2014,131.75,138.899994,131,137.850006,135.392975,6965594
05-06-2014,138.100006,139.649994,134.149994,137.800003,135.343872,5684502
06-06-2014,139.199997,144.5,138.75,142.899994,140.352951,6361098
09-06-2014,144.699997,145.949997,142,144.949997,142.366425,4497807
10-06-2014,145.149994,148.5,139.149994,147.399994,144.772751,9250975
11-06-2014,147,150,141.350006,143.100006,140.549408,5655339
12-06-2014,142.850006,143.75,139.100006,140.5,137.995743,3127510
13-06-2014,141,142.850006,130.199997,131.800003,129.450806,4958954
16-06-2014,131.5,135.100006,126,134.449997,132.053574,4247225
17-06-2014,134.199997,139.899994,131.300003,139.050003,136.571579,3505514
18-06-2014,139.5,140.399994,131.699997,133,130.62941,5043609
19-06-2014,134.199997,135.699997,131.100006,132.100006,129.745468,3308872
20-06-2014,130.800003,132.399994,126,126.650002,124.392601,5141645
23-06-2014,127.050003,133.800003,126.199997,132.850006,130.482101,5408235
24-06-2014,133.600006,137,132.600006,135.350006,132.937531,4760866
25-06-2014,135.800003,136.399994,133.600006,134.800003,132.397339,2419399
26-06-2014,133.649994,137.399994,133.649994,135.100006,132.691986,3488854
27-06-2014,134.5,136.5,130.850006,132.850006,130.482101,2773594
30-06-2014,133.199997,145.699997,133.199997,145.050003,142.464645,8950369
01-07-2014,146,146,140.600006,141.300003,138.781479,4213981
02-07-2014,143.600006,144.5,140.050003,140.850006,138.339508,3565613
03-07-2014,141.649994,145,139.600006,141.75,139.22345,5640887
04-07-2014,142.199997,142.699997,138,140.449997,137.946625,3895991
07-07-2014,140.449997,141.399994,137.100006,137.600006,135.14743,2819593
08-07-2014,138,138.5,126.599998,128.100006,125.816757,4193272
09-07-2014,128.800003,132.199997,122.650002,124.400002,122.182701,6643411
10-07-2014,124.5,131,117.199997,122.5,120.316566,8332832
11-07-2014,122,123.300003,114,114.900002,112.852028,7624023
14-07-2014,113.849998,119.150002,111.900002,117.400002,115.307472,4336692
15-07-2014,119.050003,122.199997,116.550003,120.849998,118.695976,5212689
16-07-2014,122,123.400002,120.150002,122.800003,120.611221,3613026
17-07-2014,121.599998,124.400002,121.099998,123.449997,121.249634,2946101
18-07-2014,121.599998,122.699997,119.75,121.699997,119.530823,2995518
21-07-2014,122.900002,125.099998,121.150002,121.800003,119.629051,2852313
22-07-2014,122.599998,123.25,118.300003,120.75,118.597763,3350254
23-07-2014,121.599998,123.800003,118.599998,120.75,118.597763,2861367
24-07-2014,121.099998,122.800003,116.550003,117.300003,115.209259,5101375
25-07-2014,117,120.349998,112.349998,118.599998,116.486076,13433890
28-07-2014,119,120.5,117.5,118.900002,116.780739,3263536
30-07-2014,119.050003,122.550003,117.550003,121.849998,119.678154,3705784
31-07-2014,122,122.449997,120.650002,121.449997,119.285278,3123729
01-08-2014,120.400002,125.900002,119.400002,120.900002,118.745087,6015889
04-08-2014,122,122.900002,119.550003,122,119.825478,3654790
05-08-2014,122.5,124.150002,120.949997,123.550003,121.347855,3946989
06-08-2014,122.900002,123.5,120.25,120.650002,118.499542,2274004
07-08-2014,120.599998,121.949997,118,118.800003,116.682518,2925265
08-08-2014,117,120.650002,116.099998,118.599998,116.486076,7049987
11-08-2014,120.099998,120.599998,118.5,119.550003,117.419151,1888386
12-08-2014,120.550003,120.949997,118.199997,120.5,118.352219,1766997
13-08-2014,119.599998,120.099998,114.349998,115.849998,113.785095,3344742
14-08-2014,116.099998,119.199997,114.099998,118.800003,116.682518,2956384
18-08-2014,117.800003,122.699997,117.800003,122,119.825478,2553736
19-08-2014,122.599998,124,121,121.5,119.334389,3991198
20-08-2014,121.5,121.900002,119.150002,119.699997,117.566475,2007687
21-08-2014,119.150002,124.199997,118.849998,123.550003,121.347855,5066538
22-08-2014,124.699997,127.699997,124,125.150002,122.919334,6134462
25-08-2014,125.699997,126.949997,120.449997,121.349998,119.187065,3083830
26-08-2014,121.449997,121.449997,114.849998,117.050003,114.963715,3791500
27-08-2014,116.800003,117.300003,113.550003,114.400002,112.360947,3566991
28-08-2014,114.800003,115.75,112.25,113.949997,111.918961,4432438
01-09-2014,114.699997,118.800003,114.199997,118.300003,116.191429,2941093
02-09-2014,118.599998,119.800003,117.650002,118.099998,115.994995,2585574
03-09-2014,118.599998,120.650002,117.550003,119.050003,116.928062,3592390
04-09-2014,118.300003,118.599998,114.150002,115.699997,113.637764,2682859
05-09-2014,114.900002,117.400002,114.349998,115.800003,113.735992,2988256
08-09-2014,116.300003,117.099998,114.599998,116.449997,114.374397,1801165
09-09-2014,115.800003,117,114.5,116,113.932426,2111240
10-09-2014,115.25,118.25,114.800003,117.5,115.405685,2515103
11-09-2014,118,121,118,120.449997,118.303101,3163131
12-09-2014,120.650002,122.5,118.75,122.050003,119.874588,3048383
15-09-2014,120.75,127.25,120.349998,125.400002,123.164879,4464630
16-09-2014,125.449997,127,118.75,119.849998,117.713799,3389761
17-09-2014,120.900002,121.800003,118,120.800003,118.646873,2544031
18-09-2014,119.800003,125.5,119.349998,125.199997,122.968437,3160423
19-09-2014,126,126.699997,122.050003,123.150002,120.954987,2925297
22-09-2014,122.5,124.099998,120.550003,121.699997,119.530823,1855138
23-09-2014,121.150002,122.650002,115.400002,116.050003,113.981537,2720091
24-09-2014,116,116.5,109.300003,110.25,108.284912,3990480
25-09-2014,110,111,95.300003,96.900002,95.172859,8925051
26-09-2014,95.650002,104.5,92.550003,103.650002,101.802551,7989649
29-09-2014,104.5,105.199997,101.349998,102.650002,100.820374,3050832
30-09-2014,102.400002,103.800003,98.800003,99.349998,97.579193,3688727
01-10-2014,99.800003,99.849998,97.199997,97.400002,95.663948,3967855
07-10-2014,96.949997,98.25,94.800003,95.199997,93.503159,2468333
08-10-2014,94.25,97.400002,94.25,96.349998,94.63266,3419458
09-10-2014,96.599998,101.449997,96.599998,100.75,98.954239,4262975
10-10-2014,98.75,102.400002,97.699997,99.800003,98.021172,4210627
13-10-2014,99.099998,102.599998,98.5,101.849998,100.03463,2510499
14-10-2014,103.150002,104.849998,101.199997,102.849998,101.016808,3664951
15-10-2014,102.849998,102.849998,102.849998,102.849998,101.016808,0
16-10-2014,102,103.900002,98.550003,99.050003,97.284546,3670051
17-10-2014,99.550003,104.199997,99.550003,103.300003,101.458794,3243253
20-10-2014,106,106.599998,104.800003,106.150002,104.257988,3068596
21-10-2014,106.849998,108.900002,106.099998,107.349998,105.4366,3087789
22-10-2014,108.900002,109.449997,105.400002,106.699997,104.79818,2662448
27-10-2014,107.800003,109.400002,106.199997,107.400002,105.48571,2013982
28-10-2014,108.199997,108.599998,106.550003,107.800003,105.878586,1427331
29-10-2014,108.949997,109,106.400002,107,105.092842,1889958
30-10-2014,107,113.699997,105.550003,113.199997,111.182327,9761970
31-10-2014,114.099998,115.349998,111.199997,114.800003,112.753815,3976788
03-11-2014,114.75,118.800003,114.5,118.150002,116.044106,2329271
05-11-2014,118.400002,119.400002,115.449997,116,113.932426,2836553
07-11-2014,115.699997,118,113.599998,116.199997,114.128853,2254740
10-11-2014,117,117.650002,114.349998,114.849998,112.802917,1965710
11-11-2014,115,121.449997,114.650002,120.75,118.597763,3830908
12-11-2014,121.449997,123.099998,119.25,121.050003,118.892418,3593158
13-11-2014,121.900002,121.949997,117.25,118.150002,116.044106,2215149
14-11-2014,118.199997,120.75,116.599998,119.449997,117.32093,3071802
17-11-2014,118.800003,121.800003,118.199997,120.949997,118.794189,2821080
18-11-2014,121,124.300003,120.849998,123.099998,120.905869,3418637
19-11-2014,124,124.150002,116.349998,118.400002,116.28965,3393731
20-11-2014,118.400002,119,116.099998,117.599998,115.503906,1916740
21-11-2014,117.599998,120.900002,117.400002,118.800003,116.682518,2561588
24-11-2014,119.25,119.949997,117.099998,118.400002,116.28965,2131345
25-11-2014,117.300003,118.349998,112.900002,113.699997,111.673416,2138880
26-11-2014,113,115.5,112.199997,114.150002,112.115402,1689178
27-11-2014,113.25,115.900002,112.75,115.150002,113.097572,2215454
28-11-2014,116.050003,122.349998,116,121.349998,119.187065,5051045
01-12-2014,121.400002,122.349998,118.75,119.900002,117.762909,2835074
02-12-2014,119.050003,127.949997,118,127.5,125.227448,7188898
03-12-2014,128,132.800003,127.849998,130.199997,127.879318,6625468
04-12-2014,131,135.899994,126,134.5,132.102676,4967345
05-12-2014,133.800003,136.699997,130.100006,132.100006,129.745468,4486676
08-12-2014,131.5,134.399994,128.399994,129,126.700714,4119751
09-12-2014,128.149994,131.75,123.949997,125.449997,123.213982,2858739
10-12-2014,125,132.800003,124.900002,131.399994,129.057922,3643541
11-12-2014,130.899994,132.949997,127.099998,129.100006,126.798935,4994759
12-12-2014,130.25,130.800003,124.599998,125.349998,123.115768,3620487
15-12-2014,124.949997,128.350006,122.699997,124.199997,121.986267,2605041
16-12-2014,123.400002,125,117.050003,117.699997,115.602119,4087902
17-12-2014,116.550003,120.449997,112,118.400002,116.28965,5625870
18-12-2014,121,125.25,120.150002,124.300003,122.084488,3827015
19-12-2014,126,127,123.050003,124,121.789833,3922547
22-12-2014,124.650002,126.400002,122.199997,125.949997,123.70507,1938303
23-12-2014,127.300003,129.199997,123.599998,124.599998,122.379135,4070587
24-12-2014,124.400002,125.900002,123.099998,125.150002,122.919334,3173100
26-12-2014,126.400002,130.699997,125.099998,130.300003,127.977547,4337576
29-12-2014,132.149994,132.149994,129.100006,129.350006,127.044479,2346626
30-12-2014,130.25,133.350006,127.650002,133,130.62941,3703356
31-12-2014,133.5,134.5,132.199997,132.800003,130.432983,2632477
01-01-2015,132.899994,136,132.5,134.350006,131.955353,2497992
02-01-2015,134.699997,135.800003,131.550003,132,129.647247,3053724
05-01-2015,132.850006,133.5,129.25,129.850006,127.535568,2379793
06-01-2015,129,129,124,124.5,122.280922,2847656
07-01-2015,124.5,126.75,121.5,123.599998,121.396957,2766667
08-01-2015,126,128.399994,125.25,127.25,124.981903,2445669
09-01-2015,128.949997,129.75,125.300003,126.800003,124.539925,2423716
12-01-2015,126.900002,131.100006,125.650002,130,127.682892,2619983
13-01-2015,131.100006,131.100006,126.300003,127.400002,125.129234,2847297
14-01-2015,127.400002,128.550003,124.300003,124.900002,122.67379,1957023
15-01-2015,129.5,132,129.300003,130.149994,127.830208,4382664
16-01-2015,130.449997,130.75,127.199997,128,125.718536,1637745
19-01-2015,129,130,127.75,128.850006,126.553391,1897355
20-01-2015,129.5,131.899994,128.850006,130.449997,128.124863,2663838
21-01-2015,131,132.5,130,130.949997,128.615952,2926551
22-01-2015,131.199997,131.949997,127.699997,128.100006,125.816757,1508961
23-01-2015,129.899994,130.5,125.449997,126.449997,124.196159,1989983
27-01-2015,127,127.300003,123.75,126.449997,124.196159,1994120
28-01-2015,126,128.550003,125.099998,127.25,124.981903,1898830
29-01-2015,126.699997,127.599998,120.75,122.400002,120.218353,4139303
30-01-2015,123.300003,123.900002,115.5,116,113.932426,4483973
02-02-2015,115.75,116.949997,114.099998,115.25,113.195793,3677659
03-02-2015,116.300003,117.5,110.300003,111.150002,109.168869,3985024
04-02-2015,112,112.5,108.199997,110.449997,108.481346,3963667
05-02-2015,111,112.800003,105.849998,107.25,105.338387,11328774
06-02-2015,106.849998,110.849998,106.349998,109.449997,107.499168,3574436
09-02-2015,107.25,109.599998,105.150002,105.75,103.86512,2062237
10-02-2015,105,110.300003,103.300003,106.150002,104.257988,3821000
11-02-2015,106.699997,109.800003,106.099998,108.599998,106.664322,2467401
12-02-2015,109.400002,109.949997,107,108.550003,106.615211,1927522
13-02-2015,109.199997,112.75,109,111.599998,109.610847,3082048
16-02-2015,112.550003,113.900002,110.550003,111.349998,109.365303,2027941
18-02-2015,111.949997,112.199997,110.449997,111,109.021545,1445564
19-02-2015,111.25,112,107.099998,109.400002,107.450066,2258549
20-02-2015,109.800003,113.25,108.199997,111.599998,109.610847,2550487
23-02-2015,112,112.449997,108.5,109.099998,107.155411,1446163
24-02-2015,109.5,109.599998,105.550003,106.349998,104.454422,3739999
25-02-2015,107.199997,107.800003,106.050003,106.400002,104.503532,1615367
26-02-2015,106.5,106.949997,103.25,103.650002,101.802551,2750954
27-02-2015,104.5,109.699997,104.349998,109.400002,107.450066,2466021
28-02-2015,null,null,null,null,null,null
02-03-2015,110.400002,111.5,108.050003,108.650002,106.713432,2480940
03-03-2015,109.150002,111.199997,107.5,110.550003,108.579567,2689662
04-03-2015,114.949997,115.599998,105.800003,106.699997,104.79818,3288344
05-03-2015,107.150002,107.800003,105.199997,106.400002,104.503532,1776266
09-03-2015,105.599998,105.949997,102.699997,103.199997,101.360565,1772852
10-03-2015,103.050003,106.300003,102.599998,105.199997,103.324921,2775445
11-03-2015,105.5,106.449997,103.5,105.849998,103.963333,1992996
12-03-2015,106.5,108.199997,106,107.599998,105.682144,1639861
13-03-2015,108.349998,108.650002,105,106.650002,104.749077,2961994
16-03-2015,107,107.150002,104.25,106.050003,104.159775,1897270
17-03-2015,106.900002,108.699997,104.650002,108.150002,106.222343,2902735
18-03-2015,108.25,110.199997,107.050003,109.25,107.302734,1663673
19-03-2015,110.099998,110.800003,104,104.849998,102.981155,1830307
20-03-2015,105.25,105.25,102.300003,103.099998,101.262352,2041616
23-03-2015,104,104,98.25,99.300003,97.530083,2518651
24-03-2015,99,99.550003,97.099998,98.050003,96.302368,2352869
25-03-2015,98.699997,99,97,97.550003,95.811279,1754831
26-03-2015,96.949997,97.400002,95,95.400002,93.6996,2625172
27-03-2015,96.099998,98.849998,92.400002,98.25,96.498802,3672644
30-03-2015,99.050003,101.400002,97.199997,101,99.199783,1934054
31-03-2015,101.699997,102.599998,99,100.199997,98.41404,2241004
01-04-2015,99.099998,101.650002,99.099998,101.400002,99.592651,2129046
06-04-2015,101.949997,101.949997,99.25,100.5,98.708694,1664412
07-04-2015,100.949997,102.349998,99.349998,100.650002,98.856026,1859610
08-04-2015,101,103.449997,100.550003,101.050003,99.248894,1339631
09-04-2015,101.599998,104.300003,99.900002,103.75,101.900764,2686413
10-04-2015,103.75,105.599998,102.050003,104.949997,103.079376,2799245
13-04-2015,105.199997,106.900002,104.199997,105.199997,103.324921,1715355
15-04-2015,105.300003,108.800003,105,106.400002,104.503532,2962193
16-04-2015,106.800003,106.900002,103.099998,104,102.146309,1943797
17-04-2015,104.400002,106.199997,103.099998,104.5,102.637398,2113369
20-04-2015,104.949997,105.5,99.599998,100.949997,99.150673,2315986
21-04-2015,101.599998,102.599998,100.050003,101.349998,99.543541,2165991
22-04-2015,101.900002,103.300003,99.699997,102.650002,100.820374,2573095
23-04-2015,103,103.75,100.849998,101.349998,99.543541,2012199
24-04-2015,101.800003,101.849998,99.300003,100.099998,98.315826,2130692
27-04-2015,100.449997,100.550003,97,97.599998,95.860382,1647052
28-04-2015,97.699997,99.400002,97.25,98.800003,97.039001,1539776
29-04-2015,98.800003,99.699997,98.400002,99.050003,97.284546,952281
30-04-2015,98.900002,104.400002,98.5,103.25,101.409676,4425374
04-05-2015,104,104.5,101.900002,103.900002,102.048096,1511716
05-05-2015,104.300003,105,102.349998,102.849998,101.016808,1162754
06-05-2015,102.5,103.599998,98.900002,100.849998,99.052452,1844587
07-05-2015,100,100.900002,98,99.349998,97.579193,2414565
08-05-2015,100.050003,103.900002,99.050003,99.550003,97.775627,6048334
11-05-2015,100.800003,103.5,99.150002,102.699997,100.869476,3584855
12-05-2015,103,103.150002,97.199997,98.349998,96.597015,2292261
13-05-2015,98.949997,102.449997,98.650002,101.349998,99.543541,1790778
14-05-2015,101.199997,109.099998,99.550003,108.599998,106.664322,4118690
15-05-2015,109,109.900002,106.400002,106.949997,105.043724,2152013
18-05-2015,107.5,107.550003,103.25,104.300003,102.440964,1775620
19-05-2015,104,105.449997,102.199997,102.75,100.918594,2010299
20-05-2015,102.849998,103.949997,102,102.300003,100.476616,1453225
21-05-2015,102.599998,103.199997,100.650002,101.199997,99.396217,1245099
22-05-2015,101.599998,103.199997,100.449997,100.800003,99.003349,1519141
25-05-2015,100.800003,101.75,100,101,99.199783,918953
26-05-2015,101.400002,101.900002,99.550003,100.349998,98.561363,1156904
27-05-2015,99.800003,103.800003,99.699997,103.300003,101.458794,1512538
28-05-2015,103.5,105.900002,103.099998,105.449997,103.570465,1939816
29-05-2015,105.099998,107.099998,104.800003,106.650002,104.749077,1476055
01-06-2015,106.849998,108.25,105.699997,106.650002,104.749077,1268125
02-06-2015,106.800003,107.5,98.599998,99.25,97.480972,2981059
03-06-2015,99.25,99.900002,94,95.400002,93.6996,2402437
04-06-2015,95.900002,97.199997,92.099998,96.599998,94.878204,3594765
05-06-2015,96.199997,97.800003,94.699997,96.150002,94.436234,1648670
08-06-2015,95.900002,97,92.800003,93.400002,91.735245,1517437
09-06-2015,93,95.550003,92.599998,93.550003,91.882576,1556686
10-06-2015,94.449997,95.099998,93.300003,94.099998,92.422768,1133360
11-06-2015,95.5,95.5,90.400002,90.849998,89.230698,1975118
12-06-2015,90.800003,92.650002,89.650002,92.349998,90.703957,1492225
15-06-2015,92.449997,92.949997,89.599998,90,88.395844,1716692
16-06-2015,89.900002,91.650002,89.400002,91.25,89.623566,1135827
17-06-2015,91.699997,92.099998,90.900002,91.449997,89.82,812887
18-06-2015,90.449997,91.5,88.25,90.150002,90.150002,1255302
19-06-2015,90.400002,91.800003,89.449997,91.349998,91.349998,1354303
22-06-2015,91.699997,94.800003,91.400002,93.75,93.75,1677396
23-06-2015,94.550003,96.75,93.800003,94.400002,94.400002,1945010
24-06-2015,94.949997,94.949997,91.099998,91.449997,91.449997,1584103
25-06-2015,91.449997,92.300003,89.75,91.099998,91.099998,9066405
26-06-2015,91.5,91.75,88.800003,90.199997,90.199997,1709169
29-06-2015,88,88,85.300003,87.150002,87.150002,2423219
30-06-2015,86.050003,87.75,85.800003,86.75,86.75,1627751
01-07-2015,86.699997,89.5,86.650002,88.800003,88.800003,2288412
02-07-2015,89,89.900002,87.550003,88,88,1375797
03-07-2015,87.949997,88.699997,87.150002,88.449997,88.449997,1210463
06-07-2015,85.800003,90.050003,85.800003,89.75,89.75,1768121
07-07-2015,89.75,90.900002,88.75,89.650002,89.650002,1482014
08-07-2015,88,89.349998,86.599998,88,88,1510790
09-07-2015,88.800003,93.949997,88,91.650002,91.650002,2956364
10-07-2015,92.099998,92.599998,90.900002,92.349998,92.349998,1431820
13-07-2015,92.5,93.300003,91.099998,92.75,92.75,1246500
14-07-2015,93.400002,93.5,91.400002,91.75,91.75,1084015
15-07-2015,92.449997,92.449997,89.550003,90.050003,90.050003,1181127
16-07-2015,90.150002,91.349998,90,90.849998,90.849998,906412
17-07-2015,91.150002,92,90.699997,91.300003,91.300003,857941
20-07-2015,91.449997,91.449997,88.550003,88.849998,88.849998,1514954
21-07-2015,89,89.449997,87.099998,87.400002,87.400002,1313382
22-07-2015,87,89,86.599998,88.599998,88.599998,991069
23-07-2015,88.75,89.800003,87.800003,88.949997,88.949997,1348691
24-07-2015,89,89.849998,87.300003,87.75,87.75,976346
27-07-2015,88.150002,88.150002,83.199997,83.650002,83.650002,1748357
28-07-2015,83.650002,85.300003,82.75,83.300003,83.300003,1854750
29-07-2015,83.099998,89.300003,81,87.25,87.25,10127055
30-07-2015,87.849998,90.150002,86.099998,88.050003,88.050003,4543780
31-07-2015,88.699997,93.5,88.199997,91.949997,91.949997,4084459
03-08-2015,91.949997,95.800003,91,93.449997,93.449997,3279898
04-08-2015,93.550003,95,91.300003,94.349998,94.349998,3533418
05-08-2015,95,95.949997,93.800003,94.150002,94.150002,2612896
06-08-2015,93.25,95.900002,92.900002,94.550003,94.550003,1976385
07-08-2015,94.5,95.25,92.5,92.849998,92.849998,1461980
10-08-2015,92.5,93.800003,90.099998,91.25,91.25,1078847
11-08-2015,91.300003,92.099998,89.150002,89.75,89.75,1431785
12-08-2015,89,89.400002,86.75,87.150002,87.150002,1460727
13-08-2015,87.900002,88.75,85.199997,85.849998,85.849998,2811369
14-08-2015,86.400002,91.5,85.400002,91,91,2683301
17-08-2015,91.300003,97.199997,91.300003,96.300003,96.300003,4650221
18-08-2015,97,99.400002,96.199997,98.25,98.25,4272563
19-08-2015,98,98,92.550003,93.650002,93.650002,2536375
20-08-2015,93.300003,94.599998,87.900002,88.349998,88.349998,2702374
21-08-2015,87,88.650002,83.199997,88.050003,88.050003,3000503
24-08-2015,83.199997,85.900002,80,82.400002,82.400002,6146168
25-08-2015,84,84.5,77.099998,83.050003,83.050003,4027484
26-08-2015,82.800003,84.25,80.5,82.949997,82.949997,3558793
27-08-2015,84.800003,85.699997,82.800003,85.199997,85.199997,2435723
28-08-2015,86.5,87.25,82.699997,83.800003,83.800003,1886896
31-08-2015,83.699997,85.849998,82.699997,83.050003,83.050003,2759266
01-09-2015,82.5,83.099998,79.599998,80.050003,80.050003,2115136
02-09-2015,81.199997,81.25,79,79.25,79.25,2263933
03-09-2015,80,81,79.050003,80,80,1853062
04-09-2015,79.5,79.5,75.349998,76.5,76.5,2011838
07-09-2015,77,77.75,74.800003,75.199997,75.199997,1905934
08-09-2015,75.550003,77.800003,74.349998,76.099998,76.099998,3853592
09-09-2015,77.449997,78.599998,75.900002,77.400002,77.400002,3624354
10-09-2015,76.199997,76.199997,73.900002,75.300003,75.300003,2943036
11-09-2015,76.400002,77.400002,74.75,75.199997,75.199997,1989720
14-09-2015,75.900002,76.949997,75.150002,76.75,76.75,1804038
15-09-2015,77.5,78,75.199997,75.550003,75.550003,1865430
16-09-2015,76.099998,76.400002,75.150002,75.449997,75.449997,1530181
18-09-2015,76.449997,79.349998,76,76.650002,76.650002,5251509
21-09-2015,75.949997,81,75.400002,78.800003,78.800003,4305210
22-09-2015,79.949997,80,75.199997,75.849998,75.849998,2708351
23-09-2015,75,78.900002,74.75,78.25,78.25,2548055
24-09-2015,78,78.650002,76.099998,76.400002,76.400002,2875919
28-09-2015,76.699997,78.449997,76.599998,77.150002,77.150002,1843635
29-09-2015,76.400002,79,75.599998,77.300003,77.300003,4322034
30-09-2015,78,78.199997,76.150002,76.75,76.75,1667608
01-10-2015,77.650002,77.900002,74.800003,75.050003,75.050003,2362556
05-10-2015,75.699997,76.900002,75.599998,76.449997,76.449997,2967096
06-10-2015,77.150002,77.849998,75.599998,77.449997,77.449997,2879326
07-10-2015,77.449997,78.699997,77.099998,77.949997,77.949997,2888302
08-10-2015,77.900002,79.599998,76.949997,77.849998,77.849998,3316847
09-10-2015,78.599998,79.25,77.300003,77.949997,77.949997,1605753
12-10-2015,78.050003,79.400002,77.25,78.449997,78.449997,1399975
13-10-2015,78.300003,78.949997,76.800003,77.650002,77.650002,1525780
14-10-2015,77.599998,78.349998,77.150002,77.650002,77.650002,963698
15-10-2015,78.050003,78.900002,77.900002,78.349998,78.349998,1132993
16-10-2015,78.5,78.900002,77.300003,78.650002,78.650002,1308393
19-10-2015,78.699997,78.900002,77.699997,78.400002,78.400002,1198664
20-10-2015,78.5,81.199997,78.349998,79.849998,79.849998,2660861
21-10-2015,80,80.550003,77.099998,77.650002,77.650002,1769651
23-10-2015,78.650002,79.5,78.050003,78.199997,78.199997,1514872
26-10-2015,78.900002,78.900002,77.150002,77.300003,77.300003,1212481
27-10-2015,77.199997,77.800003,76.449997,77.349998,77.349998,1065809
28-10-2015,77.300003,77.400002,74.699997,75.449997,75.449997,1613257
29-10-2015,75.400002,76.25,74.349998,74.699997,74.699997,1839139
30-10-2015,75,76.199997,74.75,75.150002,75.150002,2121005
02-11-2015,75,76.800003,74.25,76.300003,76.300003,1383361
03-11-2015,76.650002,77.199997,75.400002,75.599998,75.599998,1179858
04-11-2015,76.199997,76.400002,75.099998,75.5,75.5,1200305
05-11-2015,75.550003,75.699997,74.25,74.400002,74.400002,776063
06-11-2015,74.900002,75.699997,73.449997,74.5,74.5,1410741
09-11-2015,72,79.449997,72,78.199997,78.199997,5267257
10-11-2015,77.699997,79.650002,76.099998,76.599998,76.599998,2126955
13-11-2015,76.349998,76.699997,75,75.25,75.25,1205522
16-11-2015,74.900002,76.099998,74.550003,75.650002,75.650002,1344293
17-11-2015,76.25,76.949997,75.099998,75.849998,75.849998,1625093
18-11-2015,75.800003,76.550003,73.599998,74,74,1479824
19-11-2015,74.599998,74.800003,74.150002,74.449997,74.449997,928555
20-11-2015,74.400002,74.900002,73.650002,73.949997,73.949997,1411980
23-11-2015,74.099998,74.5,73.699997,73.900002,73.900002,941875
24-11-2015,73.800003,74.400002,73.300003,73.650002,73.650002,1178496
26-11-2015,73.75,74,73,73.25,73.25,1695562
27-11-2015,73.699997,76.099998,73.349998,75.800003,75.800003,2376355
30-11-2015,75.849998,77.699997,75.599998,77.199997,77.199997,1751939
01-12-2015,77.900002,78.800003,76.400002,77.349998,77.349998,2442312
02-12-2015,77.550003,77.699997,75.599998,75.900002,75.900002,807353
03-12-2015,75.5,75.699997,74.599998,74.800003,74.800003,854550
04-12-2015,74.5,75,72.949997,73.099998,73.099998,1531907
07-12-2015,73.599998,73.699997,72.599998,73,73,798655
08-12-2015,72.650002,73.400002,70.099998,70.449997,70.449997,1399043
09-12-2015,70.699997,71.300003,69.150002,69.449997,69.449997,1369149
10-12-2015,70,70.300003,67.849998,68.650002,68.650002,2110832
11-12-2015,69,69.599998,67.150002,67.849998,67.849998,1586130
14-12-2015,67.699997,68.900002,67.199997,67.949997,67.949997,1419042
15-12-2015,68.150002,68.400002,67,67.550003,67.550003,991470
16-12-2015,67.900002,69.400002,67.650002,68.050003,68.050003,1257067
17-12-2015,68.800003,69.699997,68.5,69.449997,69.449997,1040573
18-12-2015,69.199997,71.150002,68.800003,70.300003,70.300003,1745958
21-12-2015,70,71.400002,69.75,71.050003,71.050003,1027171
22-12-2015,71.199997,71.800003,69.949997,70.25,70.25,1062932
23-12-2015,71,71.349998,70.449997,70.849998,70.849998,695725
24-12-2015,71.349998,71.349998,70.099998,70.650002,70.650002,613955
28-12-2015,70.650002,71.400002,70.650002,71.150002,71.150002,851933
29-12-2015,71.449997,71.449997,69.150002,69.5,69.5,1683069
30-12-2015,69.449997,69.699997,68.400002,68.800003,68.800003,2151239
31-12-2015,68.800003,69.599998,68.199997,69.150002,69.150002,3890739
01-01-2016,69.150002,70.800003,68.849998,70.5,70.5,1259973
04-01-2016,70.5,70.550003,67.5,68.150002,68.150002,1570762
05-01-2016,68.699997,68.699997,67.050003,67.75,67.75,1214776
06-01-2016,67.75,69,67.400002,68.050003,68.050003,1028761
07-01-2016,67.400002,67.5,64.099998,64.349998,64.349998,1999432
08-01-2016,64.849998,65.300003,63.900002,64.650002,64.650002,949567
11-01-2016,63.650002,64.849998,62.25,63.700001,63.700001,1549985
12-01-2016,63.900002,64.400002,61,61.299999,61.299999,1670188
13-01-2016,61.849998,62.200001,59.099998,60.099998,60.099998,2097499
14-01-2016,58.799999,59.200001,57.25,57.599998,57.599998,1688426
15-01-2016,57.299999,57.950001,52.299999,52.900002,52.900002,3354463
18-01-2016,53,54.400002,51.349998,52.349998,52.349998,3406220
19-01-2016,52.799999,54,52.25,53.049999,53.049999,2114193
20-01-2016,52.450001,52.450001,49.5,50.349998,50.349998,3124755
21-01-2016,50.650002,51.950001,49.5,51.200001,51.200001,2872168
22-01-2016,51.900002,54.349998,51.700001,53.650002,53.650002,2413717
25-01-2016,54.650002,54.799999,52.349998,52.900002,52.900002,1731800
27-01-2016,53.200001,55.5,52.349998,54.950001,54.950001,3028520
28-01-2016,54.099998,54.950001,52.900002,53.5,53.5,3821943
29-01-2016,53.5,54,51.099998,53.650002,53.650002,2895940
01-02-2016,54.400002,54.400002,51.5,52,52,2436507
02-02-2016,52.099998,54,50.849998,51.25,51.25,3141192
03-02-2016,50.700001,50.75,48.75,49.900002,49.900002,2577712
04-02-2016,50.599998,51,48.900002,49.75,49.75,2601607
05-02-2016,50.150002,52.450001,49.900002,52,52,1984893
08-02-2016,52.25,56,52.099998,52.799999,52.799999,3605471
09-02-2016,52,55,50.599998,51.049999,51.049999,6746590
10-02-2016,48.099998,49.5,45.25,46.049999,46.049999,12666242
11-02-2016,45.950001,46.299999,42.650002,42.950001,42.950001,6051454
12-02-2016,43.450001,43.450001,39.400002,41.299999,41.299999,6425807
15-02-2016,41.900002,45.150002,41.849998,44,44,4934526
16-02-2016,45.150002,45.599998,41.900002,42.5,42.5,4813843
17-02-2016,42.599998,43.299999,40.650002,42.849998,42.849998,3821076
18-02-2016,43.599998,44.150002,41.5,42.75,42.75,4809108
19-02-2016,42.650002,44.5,41.900002,44.150002,44.150002,4107385
22-02-2016,44.200001,44.900002,43.599998,44.200001,44.200001,2107571
23-02-2016,44.400002,44.450001,42.700001,43.25,43.25,1981814
24-02-2016,43,43.950001,42.25,43.400002,43.400002,2208019
25-02-2016,43.5,44.5,43.200001,43.950001,43.950001,3290207
26-02-2016,44.799999,44.799999,42.799999,44.049999,44.049999,2714190
29-02-2016,44.200001,45.599998,42.5,43.349998,43.349998,5654731
01-03-2016,43.549999,44.799999,43.549999,44.5,44.5,2234174
02-03-2016,46,48.900002,46,48.450001,48.450001,4645073
03-03-2016,49.400002,49.599998,46.75,48.150002,48.150002,4560624
04-03-2016,48.549999,51.549999,47.200001,50.849998,50.849998,5471487
08-03-2016,50.5,51.75,50.200001,50.900002,50.900002,4565647
09-03-2016,49.900002,52.450001,49.450001,51.950001,51.950001,3218862
10-03-2016,51.900002,52.599998,50.599998,51.299999,51.299999,2427107
11-03-2016,51.25,51.900002,50.049999,50.799999,50.799999,2561770
14-03-2016,51.599998,52.099998,50.799999,51.75,51.75,2491953
15-03-2016,51.700001,52.400002,51.299999,51.799999,51.799999,2332948
16-03-2016,51.900002,52.25,50.25,51.849998,51.849998,1948721
17-03-2016,52.75,53.150002,51.599998,52.099998,52.099998,2661606
18-03-2016,52.25,53.450001,51.400002,52.799999,52.799999,2245449
21-03-2016,53.049999,54,53,53.799999,53.799999,1535021
22-03-2016,53.900002,54,52.200001,53.200001,53.200001,1601178
23-03-2016,53.299999,53.700001,52.549999,52.900002,52.900002,1306895
28-03-2016,52.799999,53.099998,50.849998,51.349998,51.349998,1331231
29-03-2016,51.700001,53.049999,51.700001,52.650002,52.650002,2742272
30-03-2016,53,54,52.25,53.5,53.5,2326053
31-03-2016,53.5,55.299999,53.049999,54.849998,54.849998,2292208
01-04-2016,54.700001,58.200001,54.049999,57.75,57.75,3054608
04-04-2016,58.599998,58.599998,56.650002,57.200001,57.200001,2369288
05-04-2016,56.650002,57.799999,54,54.5,54.5,3857774
06-04-2016,54.349998,55.099998,52.950001,53.75,53.75,2141777
07-04-2016,53.700001,54.650002,52.150002,53.349998,53.349998,3130606
08-04-2016,53.25,54.650002,52.799999,53.849998,53.849998,1688200
11-04-2016,54.049999,56.799999,53.549999,56.349998,56.349998,2579590
12-04-2016,56.5,57,54.75,55.549999,55.549999,2070260
13-04-2016,56.450001,57.200001,56.150002,56.599998,56.599998,1647771
18-04-2016,56.5,56.700001,55.150002,56.099998,56.099998,1532335
20-04-2016,56.200001,59.200001,55.200001,58.549999,58.549999,3565067
21-04-2016,59.650002,61.950001,59.299999,59.75,59.75,5117514
22-04-2016,59.5,60.75,58.700001,60.150002,60.150002,3030302
25-04-2016,60.400002,60.450001,57.5,58.599998,58.599998,3050114
26-04-2016,58.950001,60.450001,58,60.049999,60.049999,3072289
27-04-2016,60.450001,60.450001,59.049999,59.599998,59.599998,1540680
28-04-2016,59.700001,60.400002,58.599998,58.849998,58.849998,2184611
29-04-2016,58.900002,59.25,56,58.25,58.25,3008041
02-05-2016,57.950001,57.950001,56.349998,56.849998,56.849998,2063743
03-05-2016,57.650002,58,56.099998,56.299999,56.299999,2401721
04-05-2016,56.099998,56.400002,53.099998,53.450001,53.450001,2618026
05-05-2016,53.450001,54.049999,52.349998,53.650002,53.650002,2375294
06-05-2016,53.400002,55.099998,53.099998,54.200001,54.200001,2206838
09-05-2016,54.599998,55.5,54.25,55.150002,55.150002,1948402
10-05-2016,55.400002,55.450001,53.900002,55.049999,55.049999,1760952
11-05-2016,53.950001,54.950001,52.900002,53.450001,53.450001,2901608
12-05-2016,53.349998,53.75,52.650002,53.299999,53.299999,2853824
13-05-2016,53,53.150002,51.900002,52.549999,52.549999,2396459
16-05-2016,51,51.450001,49.599998,50.650002,50.650002,3666942
17-05-2016,50.849998,52.599998,50.25,51.75,51.75,3025676
18-05-2016,51.5,53.650002,51,53.25,53.25,3167011
19-05-2016,53,53.599998,51.049999,51.5,51.5,2165265
20-05-2016,52,52.049999,50.099998,50.400002,50.400002,1675670
23-05-2016,50.75,51.299999,49.349998,50.25,50.25,1830976
24-05-2016,50,50.5,49.200001,49.700001,49.700001,1501208
25-05-2016,50.099998,51,49.849998,50.650002,50.650002,1753663
26-05-2016,50.650002,51.75,49.099998,50.900002,50.900002,12310186
27-05-2016,50.900002,54,50.700001,52.700001,52.700001,2881247
30-05-2016,53.599998,54,52.200001,52.599998,52.599998,1874341
31-05-2016,52.599998,53.549999,51.099998,53.150002,53.150002,3665744
01-06-2016,53.299999,53.950001,51.25,51.650002,51.650002,2718602
02-06-2016,51.650002,52,50.099998,51.799999,51.799999,2385278
03-06-2016,52.150002,52.200001,50.150002,50.599998,50.599998,2423660
06-06-2016,50.599998,51.900002,50.599998,51.349998,51.349998,1785604
07-06-2016,51.549999,53.200001,50.799999,52.25,52.25,3234296
08-06-2016,52.25,53.900002,51.900002,53.400002,53.400002,2972648
09-06-2016,53.5,55.200001,53.400002,54.200001,54.200001,3596962
10-06-2016,53.950001,55.099998,52.799999,53.299999,53.299999,2805624
13-06-2016,52.5,52.950001,51.5,52.049999,52.049999,2362587
14-06-2016,52.799999,53.900002,52.099998,53.599998,53.599998,3516111
15-06-2016,54.150002,54.700001,53.349998,54.049999,54.049999,2578508
16-06-2016,53.799999,58.700001,52.650002,58.049999,58.049999,9915319
17-06-2016,58.650002,58.799999,56.799999,58.25,58.25,5603311
20-06-2016,56.75,60.599998,56.349998,60,60,7867809
21-06-2016,60,61.25,59.450001,60.700001,60.700001,6517040
22-06-2016,60.5,62.150002,59.799999,60.5,60.5,5164914
23-06-2016,60.200001,64.599998,60.099998,64.099998,64.099998,8637553
24-06-2016,62.799999,65.949997,59.400002,65.349998,65.349998,10299145
27-06-2016,66,67.900002,65.599998,67.300003,67.300003,6387953
28-06-2016,67.699997,69,67.050003,68.300003,68.300003,5607160
29-06-2016,68.599998,69.099998,68.099998,68.349998,68.349998,3378028
30-06-2016,68.900002,70.199997,68.75,69.199997,69.199997,3370364
01-07-2016,69.699997,70.199997,68.849998,69.650002,69.650002,3147369
04-07-2016,69.849998,75.900002,69.800003,75.400002,75.400002,10301874
05-07-2016,75.599998,78.150002,75.550003,76.699997,76.699997,7022227
07-07-2016,76.900002,78.199997,76.099998,76.5,76.5,4257234
08-07-2016,76.949997,79.099998,74.050003,77.650002,77.650002,6853110
11-07-2016,79.800003,83.099998,78.400002,82.699997,82.699997,7198187
12-07-2016,83.25,83.699997,80.550003,81.25,81.25,7821013
13-07-2016,81.5,81.900002,78.050003,79.099998,79.099998,5410821
14-07-2016,78.800003,82.300003,78.400002,81.099998,81.099998,7987004
15-07-2016,81.75,81.900002,78.75,79,79,7763869
18-07-2016,79.650002,79.650002,75.199997,75.699997,75.699997,5011238
19-07-2016,75.5,78.400002,73.400002,76.449997,76.449997,10402850
20-07-2016,76.599998,77.25,75.800003,76.550003,76.550003,3169614
21-07-2016,76.400002,76.849998,74.099998,74.449997,74.449997,3713988
22-07-2016,74.25,74.449997,72.599998,73.900002,73.900002,3540056
25-07-2016,73.949997,79.900002,73,78.849998,78.849998,8030030
26-07-2016,79.300003,81.75,78.099998,78.550003,78.550003,8312488
27-07-2016,78.550003,80,76.650002,78.25,78.25,4407257
28-07-2016,78.599998,79.5,77.699997,78.349998,78.349998,3783513
29-07-2016,78.699997,78.699997,76.599998,77.300003,77.300003,3758917
01-08-2016,77.5,78.300003,74.699997,75.5,75.5,3817053
02-08-2016,75.5,78.349998,75,75.900002,75.900002,4453489
03-08-2016,76.650002,77.949997,74.75,75.449997,75.449997,4173168
04-08-2016,76.5,78.900002,74.650002,77.800003,77.800003,5009531
05-08-2016,79.099998,80.599998,78.5,79.050003,79.050003,5192373
08-08-2016,79.900002,79.900002,76.25,77.5,77.5,3173217
09-08-2016,77.699997,79.550003,76.75,78,78,3764783
10-08-2016,78.650002,78.650002,75,75.300003,75.300003,3715761
11-08-2016,75,75.300003,71.849998,73.25,73.25,3337866
12-08-2016,72.5,76.400002,71.449997,75.449997,75.449997,7179819
16-08-2016,74.949997,74.949997,73,74,74,5629559
17-08-2016,74.349998,76.25,73.900002,75.25,75.25,3912431
18-08-2016,75.949997,76.900002,75.800003,76.550003,76.550003,2967405
19-08-2016,77.099998,79.650002,77,79.050003,79.050003,4363153
22-08-2016,79.5,80.050003,77.900002,79.300003,79.300003,4348955
23-08-2016,79.400002,81.699997,78.099998,80.449997,80.449997,7114977
24-08-2016,80.949997,82.150002,80.199997,81.550003,81.550003,4639629
25-08-2016,81.599998,81.949997,78.849998,79.349998,79.349998,3850065
26-08-2016,79.5,80.349998,77.5,78.150002,78.150002,3477243
29-08-2016,77.900002,79.099998,77.050003,78.75,78.75,2936484
30-08-2016,79.150002,84.599998,78.900002,84,84,8059345
31-08-2016,85,86.550003,83.699997,84.150002,84.150002,8863857
01-09-2016,84.25,84.699997,81.75,82.050003,82.050003,3510819
02-09-2016,82.449997,84.800003,82.099998,84.400002,84.400002,3716131
06-09-2016,85.099998,86,84.550003,84.900002,84.900002,4003239
07-09-2016,85.050003,88.400002,84.25,86.449997,86.449997,8160985
08-09-2016,86.900002,87.900002,85.900002,86.75,86.75,3655577
09-09-2016,87,87,84.75,85.400002,85.400002,4146945
12-09-2016,83.25,83.849998,79.900002,80.650002,80.650002,4235728
14-09-2016,80.900002,83.599998,80.449997,83.199997,83.199997,4391678
15-09-2016,83.400002,83.650002,81.150002,82.150002,82.150002,4276294
16-09-2016,83.25,84.400002,80.300003,80.900002,80.900002,4907260
19-09-2016,81.550003,82.5,80.650002,81.150002,81.150002,3014945
20-09-2016,81.449997,81.699997,79.5,80.099998,80.099998,3883048
21-09-2016,80,81.349998,79.300003,80,80,3514168
22-09-2016,82,82.699997,80.650002,82.449997,82.449997,3630669
23-09-2016,82.5,83,81.050003,81.349998,81.349998,4225832
26-09-2016,81,81.75,80.25,80.75,80.75,2669529
27-09-2016,81,81.5,79.300003,79.599998,79.599998,3586786
28-09-2016,79.599998,82.099998,79.400002,81.699997,81.699997,5843505
29-09-2016,82.5,82.699997,75.199997,75.849998,75.849998,5730019
30-09-2016,75.300003,77.349998,74.5,76.849998,76.849998,6546911
03-10-2016,77.599998,79.900002,77.300003,79.400002,79.400002,4074286
04-10-2016,80.300003,81.400002,78.150002,80.599998,80.599998,8418264
05-10-2016,81,81.900002,80.099998,80.5,80.5,3344050
06-10-2016,80.849998,80.949997,77.349998,77.949997,77.949997,4918648
07-10-2016,77.800003,78.400002,77.050003,77.849998,77.849998,4468571
10-10-2016,78.300003,78.599998,77.050003,77.349998,77.349998,1887829
13-10-2016,77,77.099998,73.400002,74.300003,74.300003,3993830
14-10-2016,74.25,75.300003,73.949997,74.949997,74.949997,2775058
17-10-2016,75.75,75.75,73,73.25,73.25,3052753
18-10-2016,73.849998,75.400002,73.300003,75.199997,75.199997,3061888
19-10-2016,76,76.349998,74.699997,75.349998,75.349998,2805657
20-10-2016,75.800003,78.400002,75.599998,77.800003,77.800003,4501555
21-10-2016,78,78.199997,76.400002,77.599998,77.599998,2623202
24-10-2016,77.75,79,77.349998,78.199997,78.199997,2699767
25-10-2016,78.699997,79.199997,77.800003,78.150002,78.150002,2631311
26-10-2016,77.300003,78.400002,75.550003,76.050003,76.050003,3228500
27-10-2016,75.449997,75.900002,74.550003,74.949997,74.949997,2643286
28-10-2016,75.050003,75.900002,74.400002,75.550003,75.550003,2164452
01-11-2016,75.900002,76.800003,74.099998,75.650002,75.650002,2422515
02-11-2016,74.099998,74.699997,73.199997,73.5,73.5,2683228
03-11-2016,73.400002,75,72.25,73.75,73.75,3909395
04-11-2016,74.400002,74.599998,70.849998,72.199997,72.199997,6439756
07-11-2016,73,73.25,70.050003,70.599998,70.599998,3717106
08-11-2016,70.400002,70.949997,69.300003,70.050003,70.050003,2623895
09-11-2016,64.199997,69.599998,63.200001,68.300003,68.300003,8027212
10-11-2016,70.650002,75,70.650002,74.400002,74.400002,7212797
11-11-2016,74,78.599998,73.349998,74,74,11262119
15-11-2016,74.5,76,71.599998,72.900002,72.900002,6730200
16-11-2016,74.099998,74.900002,70.650002,71,71,5020082
17-11-2016,71.050003,72.699997,70.400002,70.849998,70.849998,4087269
18-11-2016,71.699997,72.449997,70.199997,71.5,71.5,4096196
21-11-2016,72,72.150002,67.550003,68,68,3964715
22-11-2016,68.400002,69.199997,66.150002,67.050003,67.050003,4392315
23-11-2016,67.550003,67.800003,66.550003,67.349998,67.349998,2838380
24-11-2016,66.949997,67.900002,66.099998,66.650002,66.650002,2961407
25-11-2016,67.099998,68.599998,66.75,68.199997,68.199997,2726976
28-11-2016,67,69.199997,66.349998,67.75,67.75,2963117
29-11-2016,67.75,68.849998,67.099998,67.699997,67.699997,2156980
30-11-2016,67.949997,69.75,67.150002,69.449997,69.449997,3471260
01-12-2016,69.650002,69.900002,68.349998,68.650002,68.650002,1937165
02-12-2016,67.099998,68.75,67.099998,67.599998,67.599998,3187144
05-12-2016,67.5,67.849998,66.800003,67.650002,67.650002,2579899
06-12-2016,68.199997,68.849998,67.699997,68,68,1823536
07-12-2016,68.400002,69.099998,66.550003,67.199997,67.199997,2439835
08-12-2016,67.550003,68.25,67.300003,67.75,67.75,1441491
09-12-2016,68.099998,70.5,67.699997,70.099998,70.099998,3915360
12-12-2016,70.449997,70.699997,68.75,69.300003,69.300003,2362601
13-12-2016,69.849998,69.849998,68.150002,69,69,1465409
14-12-2016,68.599998,69.050003,67.849998,68,68,1628586
15-12-2016,67.400002,68.650002,67.150002,68,68,1741642
16-12-2016,68.050003,68.400002,66.550003,66.800003,66.800003,1985129
19-12-2016,66.5,66.75,65.349998,65.699997,65.699997,1750600
20-12-2016,65.550003,66,62.650002,63.049999,63.049999,3057346
21-12-2016,63.200001,63.900002,62.25,62.549999,62.549999,2102675
22-12-2016,62.450001,62.599998,60.549999,61.150002,61.150002,2629546
23-12-2016,61,61.650002,60.25,60.549999,60.549999,2444809
26-12-2016,60.200001,60.5,57.299999,57.650002,57.650002,2383177
27-12-2016,57.799999,59.400002,57,59.200001,59.200001,2301914
28-12-2016,59.299999,60.400002,58.549999,58.75,58.75,2329154
29-12-2016,58.700001,59.900002,58.299999,59.349998,59.349998,1693989
30-12-2016,59.650002,61.349998,59.549999,60.200001,60.200001,2072962
02-01-2017,60.5,61.200001,59.450001,60.900002,60.900002,2319034
03-01-2017,61,62.599998,60.200001,62.349998,62.349998,3458913
04-01-2017,62.5,63,61.400002,62.099998,62.099998,2436310
05-01-2017,62.599998,63.299999,62.400002,63.049999,63.049999,1604138
06-01-2017,63.299999,64.400002,63.099998,63.299999,63.299999,1794049
09-01-2017,63.549999,64.199997,63.299999,63.700001,63.700001,1417331
10-01-2017,64,64.400002,63,64.099998,64.099998,1495444
11-01-2017,64.5,66.25,64.449997,65.599998,65.599998,2596900
12-01-2017,65.550003,66.150002,64.900002,65.75,65.75,1716372
13-01-2017,66.349998,66.349998,65.150002,65.650002,65.650002,1821365
16-01-2017,65.650002,66.349998,65.199997,66.199997,66.199997,1536564
17-01-2017,66.5,67.099998,65.800003,66.150002,66.150002,2024470
18-01-2017,66.5,66.900002,65.550003,65.800003,65.800003,1753766
19-01-2017,65.650002,66.550003,65.349998,66.199997,66.199997,1392167
20-01-2017,66.150002,66.199997,63.099998,63.25,63.25,1923225
23-01-2017,63.349998,64.599998,62.700001,63.549999,63.549999,2106366
24-01-2017,63.799999,64.75,63.799999,64.650002,64.650002,1630870
25-01-2017,65.150002,66.800003,64.75,66.449997,66.449997,7877510
27-01-2017,66.800003,68.449997,66.449997,67.449997,67.449997,3219977
30-01-2017,67.050003,68.900002,66.699997,67.75,67.75,2849443
31-01-2017,67.900002,68.050003,66.150002,66.699997,66.699997,1816392
01-02-2017,66.800003,68.75,66.199997,68.550003,68.550003,2889480
02-02-2017,68.5,72.449997,67.449997,71.199997,71.199997,6829336
03-02-2017,71,74.900002,70.900002,74.199997,74.199997,6636625
06-02-2017,75,75.800003,73.599998,74.800003,74.800003,4796749
07-02-2017,74.800003,76.150002,74.050003,74.849998,74.849998,3913335
08-02-2017,75.800003,75.800003,73.75,75.099998,75.099998,2620998
09-02-2017,75.599998,75.849998,72.849998,74,74,3101831
10-02-2017,74.400002,75,73.5,73.949997,73.949997,1852636
13-02-2017,74.300003,74.5,71.900002,72.900002,72.900002,4768397
14-02-2017,72.050003,73.75,71.050003,72.800003,72.800003,3565823
15-02-2017,73,73,69.599998,70.300003,70.300003,3997006
16-02-2017,70.25,71.650002,69.650002,70.699997,70.699997,3422361
17-02-2017,71.25,71.599998,70.099998,70.449997,70.449997,2016957
20-02-2017,70.699997,71.800003,70.050003,71.25,71.25,2819308
21-02-2017,71.599998,72.099998,70.699997,71.650002,71.650002,3082030
22-02-2017,71.400002,72.199997,70.400002,70.949997,70.949997,4148977
23-02-2017,71,74.900002,70.699997,73.849998,73.849998,26340647
27-02-2017,73.099998,73.5,71.199997,71.449997,71.449997,4668065
28-02-2017,71.599998,74,71.449997,73.400002,73.400002,5096058
01-03-2017,73.849998,74.699997,72.800003,73.5,73.5,5019473
02-03-2017,73.800003,74.150002,69.800003,70.150002,70.150002,3868968
03-03-2017,69.800003,70.349998,68.800003,69.050003,69.050003,4591143
06-03-2017,71.599998,71.599998,69.199997,69.900002,69.900002,2533606
07-03-2017,70,70.449997,69.199997,69.349998,69.349998,1868474
08-03-2017,69.400002,70.150002,67.699997,68.5,68.5,3848580
09-03-2017,68.349998,69,67.800003,68.199997,68.199997,2821619
10-03-2017,68.300003,69.199997,67.300003,68,68,2123668
14-03-2017,70,70,68.900002,69.349998,69.349998,2294438
15-03-2017,69.099998,71.199997,69.050003,70.400002,70.400002,2420142
16-03-2017,71,72.099998,70.5,71.849998,71.849998,2426017
17-03-2017,72.050003,72.199997,70.150002,70.599998,70.599998,2461898
20-03-2017,71,71.900002,70.099998,71.699997,71.699997,2203775
21-03-2017,72.099998,72.400002,70.25,71,71,3019232
22-03-2017,70.300003,70.5,68.900002,69.150002,69.150002,1866028
23-03-2017,69.150002,70,69.050003,69.550003,69.550003,2271954
24-03-2017,69.550003,72.699997,69.550003,71.849998,71.849998,4469204
27-03-2017,71.550003,72.699997,71.25,72.199997,72.199997,2666574
28-03-2017,72.25,72.849998,72.099998,72.349998,72.349998,1796160
29-03-2017,72.699997,74.199997,72.400002,73.25,73.25,3651106
30-03-2017,73.300003,73.75,72.550003,72.849998,72.849998,2402168
31-03-2017,72.800003,74.599998,72.599998,73.449997,73.449997,3064535
03-04-2017,73.5,74,72.900002,73.449997,73.449997,1614730
05-04-2017,73.800003,75.5,73.75,74.699997,74.699997,4934339
06-04-2017,74.400002,74.599998,73.199997,73.599998,73.599998,2962793
07-04-2017,73.099998,74.050003,72,72.349998,72.349998,2128009
10-04-2017,72.5,74.300003,72.050003,73.900002,73.900002,3194568
11-04-2017,73.800003,75.599998,73.5,75.150002,75.150002,3427416
12-04-2017,75.050003,75.75,73.25,73.75,73.75,2480406
13-04-2017,73.599998,74.849998,73.5,73.800003,73.800003,2509528
17-04-2017,74.5,74.75,73.300003,73.5,73.5,1967694
18-04-2017,73.800003,75.400002,72.349998,72.699997,72.699997,3155554
19-04-2017,72.5,73.150002,71.75,72.25,72.25,1635949
20-04-2017,72.599998,73.5,72.050003,73.150002,73.150002,2034335
21-04-2017,73.449997,74.050003,72.650002,73.25,73.25,1952140
24-04-2017,73.699997,74.900002,72.75,74.699997,74.699997,2543513
25-04-2017,74.800003,76.199997,74.650002,75.550003,75.550003,3590702
26-04-2017,75.849998,77.75,75.050003,76.349998,76.349998,5549765
27-04-2017,76.949997,79,75.599998,77.699997,77.699997,6005707
28-04-2017,77.949997,82.949997,77.599998,82.349998,82.349998,10298336
02-05-2017,82.75,83.800003,80.900002,82.900002,82.900002,5093902
03-05-2017,83.199997,87.75,81.300003,85.300003,85.300003,9988397
04-05-2017,86.199997,88.5,85.550003,88.050003,88.050003,7994605
05-05-2017,88.599998,90.400002,82.099998,84.349998,84.349998,12701478
08-05-2017,84.349998,86.949997,83.599998,86.25,86.25,4207790
09-05-2017,86.550003,88.5,84.199997,87.550003,87.550003,7232756
10-05-2017,87.849998,88.150002,86.300003,87.199997,87.199997,5399158
11-05-2017,87,90.800003,86.550003,88.75,88.75,8110425
12-05-2017,89.550003,92.400002,89.099998,89.949997,89.949997,13375830
15-05-2017,90.5,90.800003,87.400002,87.949997,87.949997,5456406
16-05-2017,87.900002,90.400002,86.400002,89.5,89.5,6161486
17-05-2017,89.5,90.800003,86.400002,87.599998,87.599998,11298340
18-05-2017,86,86.75,82.800003,83.349998,83.349998,6380016
19-05-2017,83.599998,85.300003,81.949997,82.599998,82.599998,5092592
22-05-2017,84,84,78.099998,78.5,78.5,4727633
23-05-2017,78.800003,78.800003,74.449997,75.5,75.5,6453132
24-05-2017,75.5,76,71.199997,71.949997,71.949997,7408580
25-05-2017,72.300003,74.650002,71.550003,74.300003,74.300003,5288729
26-05-2017,74.849998,75.400002,72.599998,73.449997,73.449997,5953589
29-05-2017,73.699997,74.300003,70.150002,70.550003,70.550003,5118271
30-05-2017,70.199997,71.949997,68.650002,71.150002,71.150002,7596231
31-05-2017,71.199997,71.699997,69.849998,70.050003,70.050003,4016907
01-06-2017,70.400002,71.5,69.5,71.050003,71.050003,5023421
02-06-2017,71.599998,72.400002,70.599998,71.599998,71.599998,3969829
05-06-2017,71.400002,73,71.099998,71.550003,71.550003,4061396
06-06-2017,71.5,72.150002,70.099998,70.599998,70.599998,3620321
07-06-2017,70.849998,71.650002,70.550003,71.349998,71.349998,3350458
08-06-2017,71.550003,72.099998,69.599998,69.900002,69.900002,3244225
09-06-2017,69.900002,70.5,69.150002,69.849998,69.849998,3373703
12-06-2017,69.849998,69.849998,67.25,67.699997,67.699997,3987327
13-06-2017,68,68.5,66.800003,67.050003,67.050003,3169367
14-06-2017,67.449997,72.900002,66.75,72.199997,72.199997,12764813
15-06-2017,73,74,71.650002,72.25,72.25,11855839
16-06-2017,72.5,72.75,69.800003,70.099998,70.099998,5435064
19-06-2017,70.5,71.599998,69.75,70.800003,70.800003,3701300
20-06-2017,71.300003,71.449997,70.150002,70.599998,70.599998,3292803
21-06-2017,70.400002,71.650002,70,70.599998,70.599998,4548704
22-06-2017,71,71.349998,70,70.400002,70.400002,3704741
23-06-2017,70.75,70.849998,68.050003,69.650002,69.650002,4395836
27-06-2017,70,70,66.5,67,67,3959006
28-06-2017,66.599998,67.449997,65.800003,67,67,3255224
29-06-2017,68.099998,68.699997,66.599998,68.199997,68.199997,3875456
30-06-2017,67.5,68.400002,67.400002,67.849998,67.849998,2773921
03-07-2017,68.949997,68.949997,67.449997,67.800003,67.800003,3209483
04-07-2017,67.800003,68.300003,66.099998,66.400002,66.400002,2905706
05-07-2017,66.599998,67.599998,66.099998,67.199997,67.199997,2263444
06-07-2017,67.449997,70.5,67.449997,69.599998,69.599998,5823882
07-07-2017,69.550003,70.599998,68.699997,69.599998,69.599998,2542702
10-07-2017,70.599998,72.449997,70.599998,72.150002,72.150002,1276680
11-07-2017,72.25,72.699997,70,70.349998,70.349998,2631538
12-07-2017,70.599998,71.150002,69.449997,70.849998,70.849998,2588918
13-07-2017,71.400002,71.599998,70.199997,70.5,70.5,1902216
14-07-2017,70.699997,71.599998,69.699997,71.099998,71.099998,2245640
17-07-2017,71.199997,71.5,70.550003,71.199997,71.199997,1333151
18-07-2017,70.599998,73,70.599998,72,72,3887999
19-07-2017,72.25,73.349998,72.25,72.949997,72.949997,2291565
20-07-2017,73.199997,73.300003,71.75,71.949997,71.949997,1606324
21-07-2017,72.25,72.75,71.150002,72.349998,72.349998,1736490
24-07-2017,72.400002,76.099998,72.349998,75.650002,75.650002,8410618
25-07-2017,76.949997,76.949997,75.599998,76.5,76.5,6081520
26-07-2017,76.699997,77.300003,75.25,75.900002,75.900002,4957989
27-07-2017,76.150002,77.150002,74.099998,74.5,74.5,3488122
28-07-2017,74.199997,76.25,73.849998,74.949997,74.949997,2616334
31-07-2017,72.099998,75.400002,72,74.849998,74.849998,6169831
01-08-2017,75.150002,75.599998,73.550003,74.150002,74.150002,1968767
02-08-2017,74.300003,74.849998,73.300003,73.849998,73.849998,2359999
03-08-2017,73.800003,73.800003,70.699997,71.349998,71.349998,2911007
04-08-2017,71.050003,72.150002,70.650002,71.449997,71.449997,1651897
07-08-2017,71.800003,72.349998,71.400002,71.849998,71.849998,1452479
08-08-2017,72,72.849998,69.599998,69.849998,69.849998,2543034
09-08-2017,69.800003,69.949997,68.349998,68.849998,68.849998,2537010
10-08-2017,68.300003,68.849998,64.199997,65.699997,65.699997,3394795
11-08-2017,64.199997,67.25,63,64.599998,64.599998,8669668
14-08-2017,65.199997,66.050003,64.5,65.199997,65.199997,3203665
16-08-2017,65.449997,67.5,64.25,66.900002,66.900002,2328865
17-08-2017,67.5,68.050003,66.599998,67.25,67.25,2584744
18-08-2017,66.900002,66.900002,65,66.150002,66.150002,3897970
21-08-2017,66.449997,66.849998,64,64.199997,64.199997,1998616
22-08-2017,65,65.150002,63.599998,64.099998,64.099998,2066440
23-08-2017,64.300003,67.449997,64.300003,67.099998,67.099998,6238152
24-08-2017,66.900002,68.849998,66.099998,68.400002,68.400002,4763909
28-08-2017,68.449997,69.349998,68.349998,68.650002,68.650002,2239453
29-08-2017,68,68.599998,66.849998,67.099998,67.099998,2861290
30-08-2017,67.599998,68.25,67.449997,67.949997,67.949997,1497701
31-08-2017,67.949997,69.849998,67.5,69.25,69.25,4137956
01-09-2017,69.300003,70.099998,69.150002,69.300003,69.300003,1991181
04-09-2017,69,69.449997,67.400002,68.650002,68.650002,1757203
05-09-2017,68.900002,70.650002,68.550003,69.699997,69.699997,3978715
06-09-2017,69,69.300003,68.150002,68.75,68.75,3102083
07-09-2017,69.25,69.5,68.599998,68.849998,68.849998,2402091
08-09-2017,69.099998,69.25,66.75,67.349998,67.349998,2008529
11-09-2017,67.699997,68.349998,67.599998,67.949997,67.949997,1141861
12-09-2017,68.099998,69.550003,67.900002,68.949997,68.949997,1969152
13-09-2017,68.900002,70.300003,68.699997,69.449997,69.449997,2010428
14-09-2017,69.400002,70.5,69.199997,70.050003,70.050003,1618023
15-09-2017,69.900002,73,69.550003,72.5,72.5,6372371
18-09-2017,73.25,74.199997,72.400002,72.949997,72.949997,4860126
19-09-2017,72.5,73.949997,71.75,72.949997,72.949997,3798057
20-09-2017,72.949997,73.800003,72.5,73.099998,73.099998,2900647
21-09-2017,73.099998,73.75,71.449997,72.050003,72.050003,2458682
22-09-2017,71.5,71.5,68.400002,68.849998,68.849998,2698414
25-09-2017,68.599998,68.75,66.550003,67.599998,67.599998,2461262
26-09-2017,67.949997,68.199997,67.099998,67.650002,67.650002,1850871
27-09-2017,68,68.5,65.449997,65.800003,65.800003,2553725
28-09-2017,66,67,65.75,66.449997,66.449997,2190530
29-09-2017,66.599998,67.199997,65.349998,65.650002,65.650002,1491317
03-10-2017,66.550003,66.550003,65.150002,65.849998,65.849998,1259288
04-10-2017,66.050003,66.650002,65.449997,65.800003,65.800003,1663816
05-10-2017,65.75,66.599998,65.599998,66.199997,66.199997,1319874
06-10-2017,66.5,67.75,66.5,67.449997,67.449997,1668372
09-10-2017,67.400002,67.949997,66.900002,67.599998,67.599998,1403148
10-10-2017,67.300003,68.199997,67.050003,67.75,67.75,2019961
11-10-2017,68,68.199997,65,65.449997,65.449997,2237967
12-10-2017,65.599998,66.300003,64.449997,66.099998,66.099998,1611083
13-10-2017,66.199997,67.349998,65.5,66.300003,66.300003,1930242
16-10-2017,66.550003,66.75,65.400002,66.099998,66.099998,1392652
17-10-2017,66.099998,67.150002,66,66.349998,66.349998,1580632
18-10-2017,66,66.75,65.599998,65.900002,65.900002,1377359
19-10-2017,65.599998,65.800003,64.849998,65.099998,65.099998,383251
23-10-2017,65.300003,65.900002,64.699997,65.699997,65.699997,1475140
24-10-2017,65.800003,69.150002,65.800003,68.599998,68.599998,3858014
25-10-2017,75.449997,85.400002,74.800003,84.150002,84.150002,25237405
26-10-2017,84.949997,89,82.099998,84.599998,84.599998,13527756
27-10-2017,84.349998,84.349998,77.199997,77.699997,77.699997,6512803
30-10-2017,78,81.349998,77.300003,80.599998,80.599998,5861118
31-10-2017,80.699997,80.849998,77.75,78.400002,78.400002,2873568
01-11-2017,79.699997,85.900002,79.699997,83,83,10856437
02-11-2017,83.5,83.650002,81.199997,81.5,81.5,3705925
03-11-2017,81.800003,82.699997,80.349998,82,82,4270668
06-11-2017,82,83.900002,81.25,82.900002,82.900002,3690662
07-11-2017,83.050003,83.650002,79,79.599998,79.599998,3302716
08-11-2017,79.300003,80.75,76.599998,77.75,77.75,4312033
09-11-2017,78.199997,79.800003,77,78.650002,78.650002,3636575
10-11-2017,78.599998,81.400002,77.800003,79.849998,79.849998,5860468
13-11-2017,79.900002,80.949997,77,77.5,77.5,5917993
14-11-2017,77.75,78.400002,76.599998,76.849998,76.849998,3408099
15-11-2017,76.849998,77.800003,74.050003,74.949997,74.949997,3256201
16-11-2017,75.449997,79.400002,74.550003,78.800003,78.800003,3730956
17-11-2017,80.099998,82,78.75,79.349998,79.349998,5222820
20-11-2017,79.349998,79.75,78,79.25,79.25,1811967
21-11-2017,79.699997,80.5,77.099998,78,78,3069483
22-11-2017,78.699997,78.949997,76.150002,78.099998,78.099998,2904137
23-11-2017,78.199997,78.849998,76.349998,78.25,78.25,2845653
24-11-2017,78.550003,79.650002,77.800003,78.650002,78.650002,3443066
27-11-2017,77.849998,78.949997,77.349998,78.599998,78.599998,1733163
28-11-2017,78.900002,78.949997,77.849998,78.25,78.25,1704017
29-11-2017,78.199997,78.699997,77.099998,77.400002,77.400002,1271310
30-11-2017,76.900002,77.349998,76.050003,76.550003,76.550003,2792035
01-12-2017,77.25,77.699997,74.300003,74.599998,74.599998,2087279
04-12-2017,75.099998,75.25,73.949997,74.599998,74.599998,1679430
05-12-2017,74.400002,75.150002,73.199997,74.849998,74.849998,1918816
06-12-2017,74.599998,75.400002,73.75,73.949997,73.949997,2411525
07-12-2017,74,74.900002,73.650002,74.550003,74.550003,1716801
08-12-2017,74.599998,75.25,74.199997,74.650002,74.650002,1217832
11-12-2017,75,75.25,74.349998,74.849998,74.849998,974051
12-12-2017,74.5,75.300003,74,74.150002,74.150002,1512809
13-12-2017,73.900002,74.400002,71.150002,71.75,71.75,2241481
14-12-2017,71.849998,73.099998,71.199997,72.699997,72.699997,2279912
15-12-2017,73,74.349998,72.800003,73,73,1696340
18-12-2017,73,75.199997,69.400002,74.150002,74.150002,3987067
19-12-2017,74.599998,74.849998,73.849998,74.400002,74.400002,1017285
20-12-2017,74,74.300003,73.300003,73.800003,73.800003,1074527
21-12-2017,73.650002,74.5,73.300003,74.099998,74.099998,1236012
22-12-2017,74,78.050003,73.800003,77.150002,77.150002,4697639
26-12-2017,77.199997,77.5,75.199997,76.25,76.25,1900187
27-12-2017,76.300003,77.099998,75.400002,75.650002,75.650002,2119452
28-12-2017,75.349998,76.150002,73.650002,74.099998,74.099998,1942404
29-12-2017,74.099998,74.900002,73,73.449997,73.449997,1611673
01-01-2018,74,74.5,73,73.75,73.75,977504
02-01-2018,74,74,71.400002,72.150002,72.150002,1743319
03-01-2018,72.5,73.400002,71.699997,72.199997,72.199997,1381266
04-01-2018,72.349998,74,70.300003,73.599998,73.599998,7332198
05-01-2018,74.150002,74.300003,72.599998,73.050003,73.050003,2095696
08-01-2018,73.699997,73.699997,72.599998,73.199997,73.199997,1273547
09-01-2018,73.349998,74,72.699997,73.550003,73.550003,1487783
10-01-2018,73.699997,73.699997,71.150002,72.800003,72.800003,2516199
11-01-2018,72.75,73.400002,72.349998,72.75,72.75,1051125
12-01-2018,72.800003,73.25,71.5,72.050003,72.050003,1829328
15-01-2018,72.300003,72.550003,71.400002,72.050003,72.050003,1358455
16-01-2018,72.199997,72.199997,68.400002,68.800003,68.800003,2553713
17-01-2018,68.800003,72.099998,67.5,71.849998,71.849998,3438656
18-01-2018,72.900002,73.449997,69.099998,69.900002,69.900002,3377708
19-01-2018,70,71.5,69.5,70.800003,70.800003,2265859
22-01-2018,70.25,70.800003,69.5,70.5,70.5,1715445
23-01-2018,70.699997,73.099998,70.449997,72.699997,72.699997,3228047
24-01-2018,72.5,73.650002,70.550003,73.099998,73.099998,4887566
25-01-2018,73.900002,74,69.75,70.099998,70.099998,4226178
29-01-2018,70.599998,70.900002,68.349998,68.849998,68.849998,4356467
30-01-2018,68.300003,69.099998,67.650002,68.150002,68.150002,2909297
31-01-2018,68.150002,68.400002,66.349998,66.800003,66.800003,2829122
01-02-2018,66.800003,67.449997,63.5,64.650002,64.650002,3288181
02-02-2018,63,64.400002,61.099998,61.75,61.75,3261370
05-02-2018,60.200001,61.5,59.450001,60.549999,60.549999,2834815
06-02-2018,58,59.950001,55.599998,58.900002,58.900002,4678860
07-02-2018,60,60.349998,57.349998,57.950001,57.950001,2806111
08-02-2018,58,59.900002,58,59.299999,59.299999,2215481
09-02-2018,58.400002,60.200001,57.400002,59.5,59.5,2493842
12-02-2018,59.950001,61.599998,59.650002,60.849998,60.849998,2155010
14-02-2018,61,61.049999,55.599998,56.200001,56.200001,7338154
15-02-2018,54.049999,56.299999,53.299999,54.950001,54.950001,11155520
16-02-2018,54.75,55.5,53.950001,54.849998,54.849998,6356502
19-02-2018,51.549999,53.200001,48.650002,51.25,51.25,15938109
20-02-2018,50,52.799999,49.099998,51.700001,51.700001,12849598
21-02-2018,52.700001,52.900002,50.950001,52.450001,52.450001,6542974
22-02-2018,50.75,52.5,50.700001,51.950001,51.950001,8235662
23-02-2018,51.25,52.650002,51.25,52.200001,52.200001,3421153
26-02-2018,52.549999,52.700001,51.75,52.200001,52.200001,2240600
27-02-2018,51.400002,52.150002,50.650002,51.700001,51.700001,4714774
28-02-2018,50.549999,53.099998,50.400002,52.650002,52.650002,4350724
01-03-2018,51.900002,52.849998,51.200001,51.5,51.5,3222285
05-03-2018,51,51.700001,50.049999,50.400002,50.400002,2858735
06-03-2018,50.700001,51.200001,48.200001,48.799999,48.799999,3414987
07-03-2018,48.75,48.900002,45.75,46.200001,46.200001,5173537
08-03-2018,46.599998,47,45.349998,46.5,46.5,3594604
09-03-2018,46.549999,46.650002,44.400002,45.450001,45.450001,7020500
12-03-2018,46.200001,46.200001,43.299999,45.400002,45.400002,5133175
13-03-2018,44.400002,50,44.400002,47.950001,47.950001,11059413
14-03-2018,47.5,50.400002,46.25,49.75,49.75,7852272
15-03-2018,49.900002,51.5,49.200001,51,51,5150249
16-03-2018,50.900002,53.549999,50.700001,51.150002,51.150002,8838442
19-03-2018,51.5,52.299999,49.049999,49.400002,49.400002,5676916
20-03-2018,48.849998,49.849998,48.200001,49.349998,49.349998,4816215
21-03-2018,49.849998,51.099998,49.25,49.5,49.5,4653524
22-03-2018,50.5,50.5,48.200001,48.5,48.5,3414919
23-03-2018,47.549999,47.549999,46.099998,46.599998,46.599998,3829621
26-03-2018,46.599998,48.700001,46,48.400002,48.400002,4022183
27-03-2018,49.5,50.049999,48.25,49.049999,49.049999,4453336
28-03-2018,48.5,53.400002,47.950001,49.599998,49.599998,4777092
02-04-2018,50,50.150002,48.549999,49.650002,49.650002,3155952
03-04-2018,49.650002,51,49.099998,50,50,3768355
04-04-2018,50.400002,50.75,48.900002,49.200001,49.200001,3648678
05-04-2018,49.849998,52.299999,49.849998,51.700001,51.700001,4674461
06-04-2018,52.5,53.799999,51.049999,53.5,53.5,6663252
09-04-2018,54.150002,55.200001,53.25,54.700001,54.700001,9133390
10-04-2018,55.799999,55.799999,54.299999,54.799999,54.799999,6002668
11-04-2018,54.799999,54.950001,53.400002,53.900002,53.900002,3434774
12-04-2018,53,53.799999,52.5,52.950001,52.950001,3834270
13-04-2018,52.950001,53.650002,52.400002,52.849998,52.849998,2975939
16-04-2018,52.599998,52.700001,51.200001,51.849998,51.849998,3427675
17-04-2018,52.200001,52.5,51.349998,51.650002,51.650002,2203427
18-04-2018,51.75,52.299999,50.849998,51.049999,51.049999,2497065
19-04-2018,51.049999,51.349998,50.099998,50.450001,50.450001,1994368
20-04-2018,50.349998,50.349998,48,48.5,48.5,3622231
23-04-2018,48,49.799999,47.349998,49.25,49.25,4132139
24-04-2018,49.25,49.5,47.5,48.349998,48.349998,2235758
25-04-2018,48.25,48.650002,47.200001,47.549999,47.549999,2269390
26-04-2018,47.650002,47.650002,46.849998,47.150002,47.150002,2137179
27-04-2018,47.150002,50.200001,46.950001,49.150002,49.150002,5727494
30-04-2018,49,49.75,48.299999,49.099998,49.099998,2780384
02-05-2018,49.200001,49.5,47.349998,47.900002,47.900002,2903863
03-05-2018,47.799999,48.25,46.799999,47.700001,47.700001,2426731
04-05-2018,48,48.099998,47,47.25,47.25,1850092
07-05-2018,47.700001,48.650002,47.400002,48.299999,48.299999,1984685
08-05-2018,48.349998,49.25,46.900002,47.75,47.75,5288519
09-05-2018,47.599998,48.049999,47.200001,47.400002,47.400002,2186865
10-05-2018,47.549999,47.900002,45.5,46,46,3485310
11-05-2018,45.700001,46.450001,45.049999,45.700001,45.700001,4225728
14-05-2018,43.700001,46.349998,43.400002,44.150002,44.150002,8379215
15-05-2018,42.200001,43.450001,39.849998,40.349998,40.349998,13300292
16-05-2018,39.5,39.950001,37.299999,38.950001,38.950001,12891018
17-05-2018,39.549999,40.849998,38.599998,39.75,39.75,4853997
18-05-2018,39.349998,40.200001,37.450001,37.75,37.75,4851150
21-05-2018,38.049999,39.150002,37.5,38.549999,38.549999,5007888
22-05-2018,38.849998,39.799999,37.849998,39.150002,39.150002,5414839
23-05-2018,38.700001,41.450001,38.200001,40.5,40.5,8293843
24-05-2018,40.950001,41,39.650002,40.200001,40.200001,3563443
25-05-2018,40.150002,41.099998,39.200001,40.700001,40.700001,2608931
28-05-2018,40.900002,43.150002,40.799999,42.799999,42.799999,4393218
29-05-2018,42.700001,43.150002,41.549999,42,42,3582490
30-05-2018,41.400002,42.200001,40.950001,41.849998,41.849998,2188032
31-05-2018,41.950001,42.400002,41,41.799999,41.799999,3067446
01-06-2018,41.450001,41.900002,39.849998,40.099998,40.099998,3864064
04-06-2018,40.299999,40.5,39.049999,39.650002,39.650002,3205689
05-06-2018,39.849998,40.400002,38.849998,39.75,39.75,3161259
06-06-2018,39.75,43.700001,39.450001,43.150002,43.150002,10480287
07-06-2018,43.099998,44.099998,42.099998,43.75,43.75,6230004
08-06-2018,43.900002,46.900002,43.599998,46.299999,46.299999,8709275
11-06-2018,45.599998,47,45.200001,45.75,45.75,5441486
12-06-2018,45.599998,46,45,45.75,45.75,2760352
13-06-2018,45.599998,48.200001,45.450001,46.599998,46.599998,6022041
14-06-2018,46.5,46.849998,45.599998,46.450001,46.450001,2838200
15-06-2018,46.150002,46.75,44.099998,44.400002,44.400002,3960610
18-06-2018,44.400002,45.049999,43.25,44.75,44.75,3103570
19-06-2018,44.599998,46.25,44,44.299999,44.299999,5851358
20-06-2018,44.849998,45,44.150002,44.700001,44.700001,2636115
21-06-2018,44.700001,45.099998,43.299999,43.549999,43.549999,2592531
22-06-2018,43.549999,45.5,42.650002,44.900002,44.900002,4439337
25-06-2018,44.700001,44.700001,40.900002,41.25,41.25,8127351
26-06-2018,41.299999,42.400002,40.25,41.549999,41.549999,5385680
27-06-2018,41.349998,41.700001,39.049999,41.200001,41.200001,6840450
28-06-2018,41.200001,42.450001,40.349998,40.950001,40.950001,6733534
29-06-2018,41.299999,42.400002,41,41.799999,41.799999,4506807
02-07-2018,42,42.349998,38.849998,41.799999,41.799999,9390486
03-07-2018,41.700001,41.799999,40.549999,41.200001,41.200001,5032937
04-07-2018,41,41.299999,40.400002,40.900002,40.900002,3784225
05-07-2018,40.849998,42,40.700001,41.349998,41.349998,4434177
06-07-2018,41.200001,43.200001,41,42.5,42.5,4957713
09-07-2018,42.950001,43.099998,42.049999,42.650002,42.650002,3815833
10-07-2018,42.75,43.5,42.5,43.049999,43.049999,3652260
11-07-2018,42.950001,43.150002,41.349998,42.150002,42.150002,4942160
12-07-2018,42.5,43.25,41.549999,42,42,4332810
13-07-2018,42,42.200001,40.150002,40.599998,40.599998,4323367
16-07-2018,40.599998,40.599998,38.799999,39.650002,39.650002,5002978
17-07-2018,39.650002,42.5,39.150002,42.200001,42.200001,6678749
18-07-2018,43.450001,43.650002,39.849998,41.049999,41.049999,10163607
19-07-2018,41,41.849998,40.099998,41.150002,41.150002,6589650
20-07-2018,41.099998,41.200001,40.25,40.900002,40.900002,4450750
23-07-2018,40.900002,42,39.799999,41.5,41.5,7975178
24-07-2018,42.150002,43.599998,41.349998,43.099998,43.099998,7977171
25-07-2018,43.299999,43.849998,42.450001,42.849998,42.849998,4408574
26-07-2018,43,45.150002,42.700001,44.400002,44.400002,7163220
27-07-2018,45.5,46.299999,44.599998,45.150002,45.150002,8671432
30-07-2018,45.150002,46.799999,45.150002,46.299999,46.299999,7498757
31-07-2018,46.150002,47.299999,44.400002,45.599998,45.599998,7380605
01-08-2018,45.5,46,44.599998,45.599998,45.599998,4195538
02-08-2018,45.5,45.75,44.349998,44.900002,44.900002,3760518
03-08-2018,44.900002,45.900002,44.849998,45.400002,45.400002,3104533
06-08-2018,45.549999,46.75,45.349998,46.299999,46.299999,4121843
07-08-2018,46.200001,46.599998,44.450001,44.900002,44.900002,4928244
08-08-2018,45,45.5,43.849998,44,44,3567395
09-08-2018,44.299999,46.25,44.200001,45.799999,45.799999,6487035
10-08-2018,45.799999,46.5,44.400002,44.799999,44.799999,4706025
13-08-2018,44.400002,44.400002,42.299999,42.75,42.75,4491458
14-08-2018,42.5,43.950001,39.150002,39.950001,39.950001,23768424
16-08-2018,39.950001,40.650002,39,39.549999,39.549999,7064832
17-08-2018,40.150002,40.299999,39.650002,40.200001,40.200001,4139854
20-08-2018,40.400002,41.099998,40,40.799999,40.799999,3548577
21-08-2018,40.700001,41.099998,40.450001,40.799999,40.799999,2471579
23-08-2018,40.799999,40.950001,39.900002,40.299999,40.299999,3333825
24-08-2018,40.299999,40.599998,39.75,40.299999,40.299999,3070603
27-08-2018,40.450001,40.950001,40.450001,40.700001,40.700001,2363536
28-08-2018,40.849998,41.049999,40,40.450001,40.450001,2580059
29-08-2018,40.75,40.75,40.200001,40.450001,40.450001,2154645
30-08-2018,41.049999,42.349998,40.599998,41.849998,41.849998,8195700
31-08-2018,41.799999,42.900002,41.150002,42.650002,42.650002,5039682
03-09-2018,42.799999,44.599998,42.299999,42.799999,42.799999,7293552
04-09-2018,42.799999,43,40.700001,41.099998,41.099998,4494457
05-09-2018,41,41.150002,40.049999,40.900002,40.900002,3002822
06-09-2018,40.900002,41.299999,40.150002,40.400002,40.400002,3624526
07-09-2018,40.5,40.700001,39.849998,40.549999,40.549999,3572654
10-09-2018,40.5,40.950001,39.900002,40.099998,40.099998,2810981
11-09-2018,40,42.200001,39.950001,40.849998,40.849998,6196070
12-09-2018,40.599998,40.650002,39,39.849998,39.849998,5668279
14-09-2018,40.400002,40.900002,40.25,40.650002,40.650002,2924211
17-09-2018,40.349998,42,40.049999,40.799999,40.799999,5054435
18-09-2018,42.5,43,39.5,39.849998,39.849998,8941376
19-09-2018,40.099998,40.400002,39.049999,39.549999,39.549999,4555406
21-09-2018,40,40.150002,36.400002,37.849998,37.849998,6175904
